id,title,description,availability,condition,price,link,image_link,brand,google_product_category
"N1","Tornillo Punta Aguja 6 X 1 1/2 Drywall P/ Madera","El Tornillo Punta Aguja 6 x 1 1/2"" Drywall para Madera es la solución ideal para la fijación de placas de yeso a estructuras de madera. Con un diámetro de 3.5 mm y una forma de cabeza trompeta, este tornillo ofrece un agarre firme y estable, asegurando un ensamblaje duradero. Su punta aguja permite una penetración precisa en la madera, facilitando el trabajo en proyectos de construcción y renovación.  Este tornillo destaca por su rosca helicoidal, diseñada para proporcionar un apriete eficiente y seguro, siendo compatible con el sistema PH2. Fabricado en acero con recubrimiento negro anticorrosivo, garantiza resistencia frente a la corrosión, lo que lo convierte en una elección confiable para aplicaciones tanto interiores como exteriores. Viene en un paquete de 1000 unidades, lo que asegura contar con el material suficiente para llevar a cabo grandes proyectos sin preocupaciones.  La superficie recomendada para su uso son las placas de yeso y la madera, lo que amplía su versatilidad en diferentes trabajos. Ideal tanto para profesionales de la construcción como para aficionados al bricolaje, estos tornillos son esenciales en la caja de herramientas de cualquier persona que busque calidad y eficacia en sus fijaciones. Cada proyecto se ejecutará con precisión y seguridad.  Somos LA TARIMA. Estamos en Hurlingham con atención al público y hacemos Mercado Envíos a todo el país. Trabajamos como revendedores seleccionando marcas de confianza; todos nuestros productos son normalizados y cumplen con los más altos estándares de calidad. Realizamos facturas A y B.","in stock","new","17000 ARS","https://latarimadecoracion.github.io/?s=N1","https://latarimadecoracion.github.io/img/tornillos/tornillo-punta-aguja-6-x-1-12-drywall-p-madera/1789865946940-imagenwebp.webp","La Tarima","Furniture"
"L1","Kit Instalación Electrica Domiciliario Termica Y Diyuntor","MATERIALES INCLUIDOS EN LA PUBLICACIÓN:  1 x Caño corrugado blanco 3/4"" (ignífugo) - Rollo x 25 mts. 1 x Caja de embutir para térmica y disyuntor 1 x Térmica Sica bipolar (2 x 32A.) 1 x Disyuntor Sica bipolar (2 x 40A.) 10 x Caja rectangular metálica 10x5 3 x Caja octogonal metálica 3 x Portalámparas 3 x Lámpara LED 9W (luz día) 25 x Conector 3/4"" PVC 1 x Cinta aisladora Tacsa x 10 mts. 1 x Buscapolo Sica 8 x Tapa TAAD armada (2 módulos tomas) 1 x Tapa TAAD armada (1 tecla + 1 toma) 1 x Tapa TAAD armada (2 teclas)  LA TARIMA  Comercializamos una selección de artículos de marcas líderes para ofrecerte soluciones prácticas y confiables. Calidad garantizada: Todos los productos con los que trabajamos son normalizados y cumplen con los más altos estándares de seguridad y calidad del mercado. Envíos: Realizamos Envíos a todo el país.  Garantía de fábrica: 3 meses","in stock","new","123500 ARS","https://latarimadecoracion.github.io/?s=L1","https://latarimadecoracion.github.io/img/kits-electricos/kit-instalacin-electrica-domiciliario-termica-y-diyuntor/1789839131702-imagenwebp.webp","La Tarima","Furniture"
"L2","Kit Materiales Eléctricos Domiciliarios C/cables 2 Ambientes","MATERIALES INCLUIDOS EN LA PUBLICACIÓN:  1 = CAÑO CORRUGADO BLANCO 3/4 (IGNÍFUGO) ROLLO X 25 mts. 1 = CAJA DE EMBUTIR P/TÉRMICA + DISYUNTOR 1 = TÉRMICA SICA BIPOLAR (2 X 32A.) 1 = DISYUNTOR SICA BIPOLAR (2 X 40A.) 10 = CAJA RECTANGULAR METÁLICA 10X5 3 = CAJA OCTOGONAL METÁLICA 3 = PORTALÁMPARAS 3 = LÁMPARA LED 9W (LUZ DÍA) 25 = CONECTOR 3/4 PVC 1 = CINTA AISLADORA TACSA X 10 mts. 1 = BUSCAPOLO 30 mts. = CABLE 1 X 2,5 mm CELESTE (NORMALIZADO) 30 mts. = CABLE 1 X 2,5 mm MARRÓN (NORMALIZADO) 30 mts. = CABLE 1 X 2,5 mm VERDE/AMARILLO (NORMALIZADO) 15 mts. = CABLE 1 X 1,5 mm NEGRO (NORMALIZADO) 8 = TAPA TAAD ARMADA (2 MÓDULOS TOMAS) 1 = TAPA TAAD ARMADA (1 TECLA + 1 TOMA) 1 = TAPA TAAD ARMADA (2 TECLAS)  LOS CABLES SON NORMALIZADOS, RESPETA 100% LA CANTIDAD DE COBRE (la mayoría de los que publican no lo hacen).  Somos LA TARIMA. Estamos en Hurlingham con atención al público y hacemos Mercado Envíos a todo el país. Trabajamos exclusivamente como revendedores seleccionando marcas de confianza; todos nuestros productos son normalizados y cumplen con los más altos estándares de calidad.  Aviso legal:  Cable no propagador de incendio. Cumple con norma IRAM. Garantía de fábrica: 6 meses","in stock","new","250000 ARS","https://latarimadecoracion.github.io/?s=L2","https://latarimadecoracion.github.io/img/kits-electricos/kit-materiales-elctricos-domiciliarios-ccables-2-ambientes/1789839031531-imagenwebp.webp","La Tarima","Furniture"
"L3","Kit Materiales Eléctricos Domiciliarios C/cables 3 Ambientes","KIT INSTALACIÓN ELÉCTRICA  Este kit tiene la particularidad de estar hecho a medida para una vivienda, lo que significa que se utiliza el 100% de los materiales sin producir un gasto innecesario. Asimismo, cuenta con la posibilidad de dejar la casa o departamento completamente habitable en lo que a la parte eléctrica respecta.  MATERIALES INCLUIDOS EN LA PUBLICACIÓN:  2 = CAÑO CORRUGADO BLANCO 3/4 (IGNÍFUGO) ROLLO X 25 mts. 1 = CAJA DE EMBUTIR P/TÉRMICA + DISYUNTOR 1 = TÉRMICA SICA BIPOLAR (2 X 32A.) 1 = DISYUNTOR SICA BIPOLAR (2 X 40A.) 20 = CAJA RECTANGULAR METÁLICA 10X5 6 = CAJA OCTOGONAL METÁLICA 6 = PORTALÁMPARAS 6 = LÁMPARA LED 9W (LUZ DÍA) 50 = CONECTOR 3/4 PVC 1 = CINTA AISLADORA TACSA X 20 mts. 1 = BUSCAPOLO SICA 60 mts. = CABLE 1 X 2,5 mm CELESTE (NORMALIZADO) 60 mts. = CABLE 1 X 2,5 mm MARRÓN (NORMALIZADO) 60 mts. = CABLE 1 X 2,5 mm VERDE/AMARILLO (NORMALIZADO) 30 mts. = CABLE 1 X 1,5 mm NEGRO (NORMALIZADO) 15 = TAPA TAAD ARMADA (2 MÓDULOS TOMAS) 4 = TAPA TAAD ARMADA (1 TECLA + 1 TOMA) 1 = TAPA TAAD ARMADA (2 TECLAS)  LOS CABLES SON NORMALIZADOS, RESPETAN 100% LA CANTIDAD DE COBRE (la mayoría de los que publican no lo hacen).  Somos LA TARIMA. Estamos en Hurlingham con atención al público y hacemos Mercado Envíos a todo el país. Trabajamos como revendedores seleccionando marcas de confianza; todos nuestros productos son normalizados y cumplen con los más altos estándares de calidad. Realizamos facturas A y B.  Aviso legal:  Cable no propagador de incendio.  Cumple con norma IRAM.  Garantía de fábrica: 3 meses","in stock","new","390000 ARS","https://latarimadecoracion.github.io/?s=L3","https://latarimadecoracion.github.io/img/kits-electricos/kit-materiales-elctricos-domiciliarios-ccables-3-ambientes/1789839502383-imagenwebp.webp","La Tarima","Furniture"
"L4","Kit Instalación Materiales Eléctricos Cables Completo Full","MATERIALES INCLUIDOS EN LA PUBLICACIÓN:  4 = CAÑO CORRUGADO BLANCO 3/4 (IGNÍFUGO) ROLLO X 25 mts. 1 = CAJA DE EMBUTIR/EXTERIOR 3 TÉRMICAS + 1 DISYUNTOR 1 = TÉRMICA SICA BIPOLAR (2 X 25A.) 1 = TÉRMICA SICA BIPOLAR (2 X 20A.) 1 = TÉRMICA SICA BIPOLAR (2 X 15A.) 1 = DISYUNTOR SICA BIPOLAR (2 X 25A.) 25 = CAJA RECTANGULAR METÁLICA 10X5 15 = CAJA OCTOGONAL METÁLICA 10 = PORTALÁMPARAS 10 = LÁMPARA LED 9W (LUZ DÍA) 75 = CONECTOR 3/4 PVC 1 = CINTA AISLADORA TACSA X 10 mts. 1 = BUSCAPOLO SICA 100 mts. = CABLE 1 X 2,5 mm CELESTE (NORMALIZADO) 100 mts. = CABLE 1 X 2,5 mm MARRÓN (NORMALIZADO) 100 mts. = CABLE 1 X 2,5 mm VERDE/AMARILLO (NORMALIZADO) 50 mts. = CABLE 1 X 1,5 mm NEGRO (NORMALIZADO) 50 mts. = CABLE 1 X 1,5 mm CELESTE (NORMALIZADO) 17 = TAPA TAAD ARMADA (2 MÓDULOS TOMAS) 6 = TAPA TAAD ARMADA (1 TECLA) 2 = TAPA TAAD ARMADA (2 TECLAS) 1 = CINTA PASACABLE PVC X 10 mts.  LOS CABLES SON NORMALIZADOS, RESPETAN 100% LA CANTIDAD DE COBRE (la mayoría de los que publican no lo hacen).  Somos LA TARIMA. Estamos en Hurlingham con atención al público y hacemos Mercado Envíos a todo el país. Trabajamos como revendedores seleccionando marcas de confianza; todos nuestros productos son normalizados y cumplen con los más altos estándares de calidad. Realizamos facturas A y B.  Aviso legal:  Cable no propagador de incendio.  Cumple con norma IRAM.  Garantía de fábrica: 3 meses","in stock","new","599000 ARS","https://latarimadecoracion.github.io/?s=L4","https://latarimadecoracion.github.io/img/kits-electricos/kit-instalacin-materiales-elctricos-cables-completo-full/1789848498770-imagenwebp.webp","La Tarima","Furniture"
"52","Baranda: Desmontable - Estilo Montessori","La Tarima - Carpintería ""Baranda de seguridad para cama Infantil o Adultos"" (Desmontable)  Medidas: Alto x Largo: 45 x 110 cm:  Si su medida no esta, puede enviarla por mensaje privado a la brevedad después de la compra.  • La Publicaciones corresponde a 1 baranda al natural/rustica: Esto significa que no ira enmasillada, tampoco pintada o barnizada. • Súper Resistente, con un fuerte empalme a la cama. • La madera ya esta cepillada, lijada y con los bordes todos contorneados o redondeados, todo para que sea suave al tacto.  Utilizó madera de pino de 1x3 pulgadas, muy resistente y duradera. No usó clavos ni remaches, hago las uniones con tornillos y cola vinílica para que aguanten de verdad.  LEER ANTES DE COMPRAR  • Agarre: Cuenta con una altura de 8cm (Ideal para un buen agarre y estabilidad), y el espesor debe elegir el que coincida con su cama, para esto recomendamos medir muy bien y luego hacer la compra.  • Si necesita otro largo o alto, haga su consulta antes de comprar, ya que una vez realizada la compra estas medidas no serán modificadas.  Garantía del vendedor: 30 días","in stock","new","27000 ARS","https://latarimadecoracion.github.io/?s=52","https://latarimadecoracion.github.io/img/barandas-para-cama/baranda-desmontable-montessori/1782438687066-imagen.webp","La Tarima","Furniture"
"51","Baranda: Desmontable Clásica","Seguridad y comodidad superior para la cama de los más chicos. No dudes en hacer todas tus consultas","in stock","new","27000 ARS","https://latarimadecoracion.github.io/?s=51","https://latarimadecoracion.github.io/img/barandas-para-cama/baranda-desmontable-clasica/1782437453517-imagen.webp","La Tarima","Furniture"
"91","Escaleras para cama","Seguridad y firmeza absoluta para alcanzar cada nivel.","in stock","new","40000 ARS","https://latarimadecoracion.github.io/?s=91","https://latarimadecoracion.github.io/img/escaleras/escaleras/1780288089831-imagen.webp","La Tarima","Furniture"
"31","Perchero De Pie Torneado Reforzado 8 Ganchos","Funcionalidad y elegancia para organizar tu entrada.","in stock","new","35000 ARS","https://latarimadecoracion.github.io/?s=31","https://latarimadecoracion.github.io/img/percheros/perchero-1/1782624223963-imagen.webp","La Tarima","Furniture"
"C1","Banquito de Plaza","Productos pensados para fomentar la autonomía de los más pequeños.","in stock","new","33000 ARS","https://latarimadecoracion.github.io/?s=C1","https://latarimadecoracion.github.io/img/sillas-y-sillones/banquito-de-plaza/1782606556989-imagen.webp","La Tarima","Furniture"
"54","Baranda: Para camas Sommier","Diseño exclusivo reforzado, especial para sommiers y camas altas.","in stock","new","35000 ARS","https://latarimadecoracion.github.io/?s=54","https://latarimadecoracion.github.io/img/barandas-para-cama/baranda-sommier-clasica/1780602269421-imagen.webp","La Tarima","Furniture"
"41","Baúl de madera de pino","Baúl de madera de pino","in stock","new","68000 ARS","https://latarimadecoracion.github.io/?s=41","https://latarimadecoracion.github.io/img/organizadores/baul-madera-mediano/1782607702562-imagen.webp","La Tarima","Furniture"
"C2","Silla infantil","Productos pensados para fomentar la autonomía de los más pequeños.","in stock","new","15000 ARS","https://latarimadecoracion.github.io/?s=C2","https://latarimadecoracion.github.io/img/sillas-y-sillones/silla-infantil/1780323571344-imagen.webp","La Tarima","Furniture"
"42","Especiero","Fanales, bandejas y complementos artesanales únicos.  Medidas (Alto x Largo x Profundidad)  Calculamos el alto para cada frasco:  30 cm = Frascos de 8 cm de alto 34 cm = Frascos de 11 cm de alto","in stock","new","11000 ARS","https://latarimadecoracion.github.io/?s=42","https://latarimadecoracion.github.io/img/organizadores/especiero/1782487819564-imagen.webp","La Tarima","Furniture"
"E2","Deck cuadrado","Embellece tus espacios exteriores con madera de primera calidad. Utilizamos listones de Pino de 1 pulgada de espesor (22mm aprox)  Si la medida que deseas no esta publicada, no dudes en hacer tu consulta por nuestro canal de wpp","in stock","new","20000 ARS","https://latarimadecoracion.github.io/?s=E2","https://latarimadecoracion.github.io/img/jardin/deck-cuadrado/deckcuadrado.webp","La Tarima","Furniture"
"E1","Deck rectangular","Embellece tus espacios exteriores con madera de primera calidad. Utilizamos listones de Pino de 1 pulgada de espesor (22mm aprox)  Si la medida que deseas no esta publicada, no dudes en hacer tu consulta por nuestro canal de wpp","in stock","new","","https://latarimadecoracion.github.io/?s=E1","https://latarimadecoracion.github.io/img/jardin/deck-rectangular/1780707680810-imagen.webp","La Tarima","Furniture"
"E3","Macetas colgante de eucalipto","Porta maceta colgante de madera. Funciona y decora cualquier ambiente de tu casa.  Calidad Artesanal: Hechos a mano con dedicación y cuidado en cada detalle, asegurando un producto firme y diseñado para durar.  Medidas: Externas: 26 x 26 x 11 cm  Internas: 17 x 17 cm (ideal para macetas de esa medida)  Material: Madera eucalipto de primera (ya está seco).","in stock","new","20000 ARS","https://latarimadecoracion.github.io/?s=E3","https://latarimadecoracion.github.io/img/jardin/macetas-colgante-eucalipto/1786334564549-imagen.webp","La Tarima","Furniture"
"G1","Platons de Madera - Asado","Platons de Madera - Asado","in stock","new","9000 ARS","https://latarimadecoracion.github.io/?s=G1","https://latarimadecoracion.github.io/img/todo-algarrobo/Platos-madera/1782611849956-imagen.webp","La Tarima","Furniture"
"G3","Mate","Mate","in stock","new","9000 ARS","https://latarimadecoracion.github.io/?s=G3","https://latarimadecoracion.github.io/img/todo-algarrobo/Mate/1788927967853-imagen.webp","La Tarima","Furniture"
"G2","Cuencos","Cuencos","in stock","new","","https://latarimadecoracion.github.io/?s=G2","https://latarimadecoracion.github.io/img/todo-algarrobo/Platos - Cuencos/1782610904255-imagen.webp","La Tarima","Furniture"
"46","Mueble Multifunción - Estilo Nórdico","¡Un solo mueble, infinitas posibilidades!  Diseñado bajo un concepto minimalista y funcional, este mueble de pino macizo es ideal para optimizar cualquier rincón de tu hogar. Su estructura robusta y terminación impecable lo convierten en la pieza comodín que te faltaba.  ¿Cómo podés usarlo?  En la entrada: Como banco recibidor para sentarte cómodamente y organizar tus calzados abajo.  En el living: Como mesa ratona o de centro compacta, perfecta para departamentos.  En tu espacio de trabajo: Como mini escritorio bajo o elevador robusto para tu configuración de Home Office.  Como soporte: Ideal para lucir tus plantas, audio o decoración de forma ordenada.  Medidas: 60 cm (Ancho) x 30 cm (Alto) x 45 cm (Profundidad). Hacemos envíos a todo el país. ¡Sumá diseño y practicidad a tu casa!","in stock","new","26000 ARS","https://latarimadecoracion.github.io/?s=46","https://latarimadecoracion.github.io/img/organizadores/Mueble-Multifunción/1780707094761-imagen.webp","La Tarima","Furniture"
"B1","Jenga","Productos pensados para fomentar la autonomía de los más pequeños.","in stock","new","","https://latarimadecoracion.github.io/?s=B1","https://latarimadecoracion.github.io/img/juguetes/jenga/jenga.webp","La Tarima","Furniture"
"43","Verdulero Clasico","Verdulero con estante superior","in stock","new","15000 ARS","https://latarimadecoracion.github.io/?s=43","https://latarimadecoracion.github.io/img/organizadores/estantes-montessori/1.webp","La Tarima","Furniture"
"44","Verdule para Mesada","Soluciones inteligentes para mantener cada rincón en su lugar.","in stock","new","20000 ARS","https://latarimadecoracion.github.io/?s=44","https://latarimadecoracion.github.io/img/organizadores/verdule-para-mesada/1782439355150-imagen.webp","La Tarima","Furniture"
"45","Verdulero Mediano","Soluciones inteligentes para mantener cada rincón en su lugar.","in stock","new","25000 ARS","https://latarimadecoracion.github.io/?s=45","https://latarimadecoracion.github.io/img/organizadores/verdulero-mediano/1780708412753-imagen.webp","La Tarima","Furniture"
"47","Verdulero x3","Soluciones inteligentes para mantener cada rincón en su lugar.","in stock","new","35000 ARS","https://latarimadecoracion.github.io/?s=47","https://latarimadecoracion.github.io/img/organizadores/verdulero-x3/1780708453865-imagen.webp","La Tarima","Furniture"
"48","Esquinero x3","Soluciones inteligentes para mantener cada rincón en su lugar.","in stock","new","40000 ARS","https://latarimadecoracion.github.io/?s=48","https://latarimadecoracion.github.io/img/organizadores/esquinero-x3/Esquinero x3.webp","La Tarima","Furniture"
"E5","Cesto de Basura","Fanales, bandejas y complementos artesanales únicos.","in stock","new","55000 ARS","https://latarimadecoracion.github.io/?s=E5","https://latarimadecoracion.github.io/img/jardin/cesto-de-basura/1783742426725-imagen.webp","La Tarima","Furniture"
"D2","Mesa Plegabe","Mesa Plegabe","in stock","new","","https://latarimadecoracion.github.io/?s=D2","https://latarimadecoracion.github.io/img/mesas-de-madera/mesa-plegabe/1782601058760-imagen.webp","La Tarima","Furniture"
"D3","Mesa Plegable - Redonda","Mesa Plegable - Redonda","in stock","new","","https://latarimadecoracion.github.io/?s=D3","https://latarimadecoracion.github.io/img/mesas-de-madera/mesa-plegable-redonda-chica/1782606636181-imagen.webp","La Tarima","Furniture"
"E4","Fanal","Fanales, bandejas y complementos artesanales únicos.","in stock","new","25000 ARS","https://latarimadecoracion.github.io/?s=E4","https://latarimadecoracion.github.io/img/jardin/fanal/Fanal.webp","La Tarima","Furniture"
"49","Organizador Tribuna X3","Fanales, bandejas y complementos artesanales únicos.","in stock","new","9000 ARS","https://latarimadecoracion.github.io/?s=49","https://latarimadecoracion.github.io/img/organizadores/organizador-tribuna-x3/1780323408539-imagen.webp","La Tarima","Furniture"
"4A","Posa Torta De Madera Torneado Candy Bar","Posa Torta De Madera Torneado Candy Bar 22 Diam X 21 Alto","in stock","new","12500 ARS","https://latarimadecoracion.github.io/?s=4A","https://latarimadecoracion.github.io/img/organizadores/Posa-Tortas/1782622590711-imagen.webp","La Tarima","Furniture"
"55","Baranda: Para camas Sommier - Triple","Diseño exclusivo reforzado, especial para sommiers y camas altas.","in stock","new","45000 ARS","https://latarimadecoracion.github.io/?s=55","https://latarimadecoracion.github.io/img/barandas-para-cama/baranda-para-camas-sommier-triple/1788928739223-imagen.webp","La Tarima","Furniture"
"57","Baranda Fija: Clásica","Máxima estabilidad y seguridad garantizada para toda la familia.","in stock","new","15000 ARS","https://latarimadecoracion.github.io/?s=57","https://latarimadecoracion.github.io/img/barandas-para-cama/baranda-fija-clasica/1780542411484-imagen.webp","La Tarima","Furniture"
"58","Baranda Fija: Montessori","Máxima estabilidad y seguridad garantizada para toda la familia.","in stock","new","15000 ARS","https://latarimadecoracion.github.io/?s=58","https://latarimadecoracion.github.io/img/barandas-para-cama/baranda-montessori/1780542646419-imagen.webp","La Tarima","Furniture"
"59","Baranda Fija: Simple","Máxima estabilidad y seguridad garantizada para toda la familia.","in stock","new","11000 ARS","https://latarimadecoracion.github.io/?s=59","https://latarimadecoracion.github.io/img/barandas-para-cama/baranda-simple/1780542765336-imagen.webp","La Tarima","Furniture"
"53","Baranda: Desmontable Clásica - Triple","Seguridad y comodidad superior para la cama de los más chicos.","in stock","new","35000 ARS","https://latarimadecoracion.github.io/?s=53","https://latarimadecoracion.github.io/img/barandas-para-cama/baranda-desmontable-triple/barandadesmontabletriple.webp","La Tarima","Furniture"
"39","Perchero de pared","Medidas: 3 ganchos: 5 Ganchos: 7 Ganchos:","in stock","new","15000 ARS","https://latarimadecoracion.github.io/?s=39","https://latarimadecoracion.github.io/img/percheros/perchero-pared-doblegancho/1783617272520-imagen.webp","La Tarima","Furniture"
"69","Cortes de madera","Organización creativa y estilo para tus paredes.","in stock","new","","https://latarimadecoracion.github.io/?s=69","https://latarimadecoracion.github.io/img/estantes/estantes/estantes.webp","La Tarima","Furniture"
"21","Vinoteca - 5 Vinos","Cavas y bodegas rústicas de madera.","in stock","new","60000 ARS","https://latarimadecoracion.github.io/?s=21","https://latarimadecoracion.github.io/img/vinotecas-bodegas/chico/1783741139430-imagen.webp","La Tarima","Furniture"
"22","Vinoteca - 9 Vinos","Cavas y bodegas rústicas de madera.","in stock","new","70000 ARS","https://latarimadecoracion.github.io/?s=22","https://latarimadecoracion.github.io/img/vinotecas-bodegas/9-vinos/1783741401314-imagen.webp","La Tarima","Furniture"
"24","Vinoteca - 17 Vinos","Cavas y bodegas rústicas de madera.","in stock","new","90000 ARS","https://latarimadecoracion.github.io/?s=24","https://latarimadecoracion.github.io/img/vinotecas-bodegas/17-vinos/1783741906853-imagen.webp","La Tarima","Furniture"
"23","Vinoteca - 13 Vinos","Cavas y bodegas rústicas de madera.","in stock","new","80000 ARS","https://latarimadecoracion.github.io/?s=23","https://latarimadecoracion.github.io/img/vinotecas-bodegas/13-vinos/1783741654477-imagen.webp","La Tarima","Furniture"
"71","Cuna: Colecho Retro","Cuna: Colecho Retro","in stock","new","","https://latarimadecoracion.github.io/?s=71","https://latarimadecoracion.github.io/img/cunas/Colecho_retro_madera/1783750658828-imagen.webp","La Tarima","Furniture"
"72","Cuna: Corral - Colecho con doble","Corral - Colecho con doble posición de parrilla","in stock","new","","https://latarimadecoracion.github.io/?s=72","https://latarimadecoracion.github.io/img/cunas/Corral-Colecho-con-doble-posicion-de-parrilla/1783750731525-imagen.webp","La Tarima","Furniture"
"73","Cuna: Eco fija - Modelo único","Eco fija - 100 x 50 cm - Modelo único","in stock","new","75000 ARS","https://latarimadecoracion.github.io/?s=73","https://latarimadecoracion.github.io/img/cunas/Eco-fija-100x50cm-Modelo-unico/1783750807676-imagen.webp","La Tarima","Furniture"
"74","Cuna: Eco rebatible","Cuna: Eco rebatible","in stock","new","103500 ARS","https://latarimadecoracion.github.io/?s=74","https://latarimadecoracion.github.io/img/cunas/eco-rebatible/1783750834642-imagen.webp","La Tarima","Furniture"
"75","Cuna: rebatible con cajones","Cuna: rebatible con cajones","in stock","new","","https://latarimadecoracion.github.io/?s=75","https://latarimadecoracion.github.io/img/cunas/cuna-Rebatible-cajones/1783750894115-imagen.webp","La Tarima","Furniture"
"76","Cuna: Romana - Rebatible - Cajones","Cuna: Romana - Rebatible - Cajones","in stock","new","","https://latarimadecoracion.github.io/?s=76","https://latarimadecoracion.github.io/img/cunas/Romana-Rebatible-Cajones/1783750937925-imagen.webp","La Tarima","Furniture"
"77","Cuna: Romana - Rebatible - Cajones - en XX","Cuna: Romana - Rebatible - Cajones - en XX","in stock","new","","https://latarimadecoracion.github.io/?s=77","https://latarimadecoracion.github.io/img/cunas/Romana - Rebatible - Cajones - en XX/1783750962820-imagen.webp","La Tarima","Furniture"
"78","Cuna: Sol - Rebatible - Cajones","Cuna: Sol - Rebatible - Cajones","in stock","new","","https://latarimadecoracion.github.io/?s=78","https://latarimadecoracion.github.io/img/cunas/Sol - Rebatible - Cajones/1783750986939-imagen.webp","La Tarima","Furniture"
"34","Perchero 3 - Rustico","Medidas: 50 x 13 cm","in stock","new","21000 ARS","https://latarimadecoracion.github.io/?s=34","https://latarimadecoracion.github.io/img/percheros/Perchero 3 - Rustico/1784347711326-imagen.webp","La Tarima","Furniture"
"33","Perchero 5 - Rustico","Medidas: 63 x 13 cm","in stock","new","25000 ARS","https://latarimadecoracion.github.io/?s=33","https://latarimadecoracion.github.io/img/percheros/Perchero 5 - Rusctio - campo decorado/1784346979215-imagen.webp","La Tarima","Furniture"
"38","Perchero 6 - Minimalista","Medidas: 60 x 13 cm","in stock","new","17000 ARS","https://latarimadecoracion.github.io/?s=38","https://latarimadecoracion.github.io/img/percheros/perchero-madera-tuvitos/1784390037823-imagen.webp","La Tarima","Furniture"
"37","Perchero 5 - Minimalista","Medidas: 50 x 13 cm","in stock","new","12000 ARS","https://latarimadecoracion.github.io/?s=37","https://latarimadecoracion.github.io/img/percheros/perchero-madera-tuvitos5/1784389644815-imagen.webp","La Tarima","Furniture"
"11","Estante Hexagonal x3","Estante Hexagonal x3","in stock","new","17000 ARS","https://latarimadecoracion.github.io/?s=11","https://latarimadecoracion.github.io/img/logo_provisional.png","La Tarima","Furniture"
"25","Bodega 6 Vinos","Medidas Alto: 40 cm Ancho: 30 cm Profundidad: 23 cm","in stock","new","22500 ARS","https://latarimadecoracion.github.io/?s=25","https://latarimadecoracion.github.io/img/vinotecas-bodegas/bodega-madera-6-rectangular/1784391190209-imagen.webp","La Tarima","Furniture"
"62","Hexagonales","Organización creativa y estilo para tus paredes.","in stock","new","22000 ARS","https://latarimadecoracion.github.io/?s=62","https://latarimadecoracion.github.io/img/estantes/hexagonales/hexagonales.webp","La Tarima","Furniture"
"D4","Mesas para Candy Bar / Mesa nido","Mesas para Candy Bar / Mesa nido","in stock","new","80000 ARS","https://latarimadecoracion.github.io/?s=D4","https://latarimadecoracion.github.io/img/mesas-de-madera/Mesas para Candy Bar/1783813269259-imagen.webp","La Tarima","Furniture"
"79","Pie de cama romano","Pie de cama romano","in stock","new","60000 ARS","https://latarimadecoracion.github.io/?s=79","https://latarimadecoracion.github.io/img/cunas/pie-cama-romano/1786839481815-imagen.webp","La Tarima","Furniture"
"C3","Sillon Gervasoni - Chicos","Sillon Gervasoni - Chicos","in stock","new","36000 ARS","https://latarimadecoracion.github.io/?s=C3","https://latarimadecoracion.github.io/img/sillas-y-sillones/sillon-gervasoni-simple-chico/1783814275891-imagen.webp","La Tarima","Furniture"
"36","Perchero nórdico de pared x3","Perchero nórdico de pared x3","in stock","new","15000 ARS","https://latarimadecoracion.github.io/?s=36","https://latarimadecoracion.github.io/img/percheros/perchero-nordico-pared-x3/1784162163699-imagen.webp","La Tarima","Furniture"
"35","Perchero nórdico de pared x5","Perchero nórdico de pared x5","in stock","new","19000 ARS","https://latarimadecoracion.github.io/?s=35","https://latarimadecoracion.github.io/img/percheros/perchero-nordico-pared-x5/1784163561616-imagen.webp","La Tarima","Furniture"
"56","Baranda: Desmontable con bulones - Especial","Baranda: Desmontable con bulones - Especial","in stock","new","","https://latarimadecoracion.github.io/?s=56","https://latarimadecoracion.github.io/img/barandas-para-cama/baranda-reforzada-geriatricos/1782399630546-imagen.webp","La Tarima","Furniture"
"H2","Podio premiación Profesional","Podios modulares resistentes para eventos y premiaciones.  Módulo 1: 80 x 40 x 50 cm Módulo 2: 80 x 40 x 35 cm Módulo 3: 80 x 40 x 20 cm  Envió gratis a las zonas 1 2 y 3, se puede ver en la ultima foto de la publicación.","in stock","new","250000 ARS","https://latarimadecoracion.github.io/?s=H2","https://latarimadecoracion.github.io/img/podios-de-premiacion/podio-premiacion--3-modulos-/1780774910905-imagen.webp","La Tarima","Furniture"
"4B","Ménsulas para escritorios","Ménsulas para escritorios Ideal para aquellos que buscan un estilo simple y minimalista","in stock","new","9000 ARS","https://latarimadecoracion.github.io/?s=4B","https://latarimadecoracion.github.io/img/organizadores/mensulas/mensulas.webp","La Tarima","Furniture"
"4C","Ménsulas para estantes","Organización creativa y estilo para tus paredes.","in stock","new","4500 ARS","https://latarimadecoracion.github.io/?s=4C","https://latarimadecoracion.github.io/img/organizadores/mensulas/mensulas.webp","La Tarima","Furniture"
"4D","Banco Escalera De Pino 3 Escalones","Banco Escalera De Pino 3 Escalones  Altura Máxima: 60 cm Profundidad: 40 cm Ancho: 35 cm","in stock","new","33000 ARS","https://latarimadecoracion.github.io/?s=4D","https://latarimadecoracion.github.io/img/organizadores/Banco Escalera De Pino 3 Escalones/1786226275337-imagen.webp","La Tarima","Furniture"
"81","Cama Superpuesta De Pino Macizo Con 2 Barandas y Cajones","Cama Superpuesta De Pino Macizo Con 2 Barandas y Cajones Medidas  Tomamos pedidos, con entrega a todo el pais.","in stock","new","","https://latarimadecoracion.github.io/?s=81","https://latarimadecoracion.github.io/img/camas-para-ninos/Cama Superpuesta De Pino Macizo Con 2 Barandas y Cajones/1786305161815-imagen.webp","La Tarima","Furniture"
"4E","Estantes Montessori","Organización creativa y estilo para tus paredes.","in stock","new","13000 ARS","https://latarimadecoracion.github.io/?s=4E","https://latarimadecoracion.github.io/img/organizadores/estantes-montessori/1.webp","La Tarima","Furniture"
"A4","Steps / Cajones (50cm)","Plataformas funcionales para entrenamiento y uso doméstico.","in stock","new","17000 ARS","https://latarimadecoracion.github.io/?s=A4","https://latarimadecoracion.github.io/img/steps-cajones/cajones-50cm/stepscajones.webp","La Tarima","Furniture"
"A3","Steps / Cajones (40 cm)","Plataformas funcionales para entrenamiento y uso doméstico.","in stock","new","17000 ARS","https://latarimadecoracion.github.io/?s=A3","https://latarimadecoracion.github.io/img/steps-cajones/cajones-50cm/1780589685491-imagen.webp","La Tarima","Furniture"
"A2","Steps / Cajones (30 cm)","Plataformas funcionales para entrenamiento y uso doméstico.","in stock","new","15000 ARS","https://latarimadecoracion.github.io/?s=A2","https://latarimadecoracion.github.io/img/steps-cajones/cajones-50cm/1780589685655-imagen.webp","La Tarima","Furniture"
"4F","Caballetes de madera","Caballetes de madera","in stock","new","","https://latarimadecoracion.github.io/?s=4F","https://latarimadecoracion.github.io/img/organizadores/caballetes-madera-pino/1786332672126-imagen.webp","La Tarima","Furniture"
"4G","Banco Banquito Escalera Niños Infantil","Altura máxima: 20 cm Profundidad: 30 cm Diámetro: 24 cm Ancho: 23 cm","in stock","new","18000 ARS","https://latarimadecoracion.github.io/?s=4G","https://latarimadecoracion.github.io/img/organizadores/Banco Banquito Escalera Niños Infantil/1786333408729-imagen.webp","La Tarima","Furniture"
"D6","Escritorio para PC - Soporte Gabinete","Escritorio para PC - Soporte Gabinete","in stock","new","","https://latarimadecoracion.github.io/?s=D6","https://latarimadecoracion.github.io/img/mesas-de-madera/Escritorio-PC-PRO/1786334303185-imagen.webp","La Tarima","Furniture"
"F2","Mesa De Luz De Pino Con Cajón Y Puerta Nórdica","Mesa De Luz De Pino Con Cajón Y Puerta Nórdica","in stock","new","","https://latarimadecoracion.github.io/?s=F2","https://latarimadecoracion.github.io/img/hogar/Mesa De Luz De Pino Con Cajón Y Puerta Nórdica/1786334774605-imagen.webp","La Tarima","Furniture"
"F3","Mesita de luz - Angosta","Mesita de luz - Angosta","in stock","new","","https://latarimadecoracion.github.io/?s=F3","https://latarimadecoracion.github.io/img/hogar/mesita-luz-angosta/1786334817500-imagen.webp","La Tarima","Furniture"
"F4","Tender","Tender","in stock","new","","https://latarimadecoracion.github.io/?s=F4","https://latarimadecoracion.github.io/img/hogar/tendre-ropa-madera/1786334917868-imagen.webp","La Tarima","Furniture"
"D7","Mesita Matera","Mesita Matera","in stock","new","17000 ARS","https://latarimadecoracion.github.io/?s=D7","https://latarimadecoracion.github.io/img/mesas-de-madera/mesita-matera/1786665063127-imagen.webp","La Tarima","Furniture"
"26","Soporte Para 6 Vinos Bodega Vinoteca","56,5 cm. de alto 12 cm. de ancho 29,5 cm. de profundidad","in stock","new","25000 ARS","https://latarimadecoracion.github.io/?s=26","https://latarimadecoracion.github.io/img/vinotecas-bodegas/soporte-vinos-vinoteca-6/1786828054739-imagen.webp","La Tarima","Furniture"
"27","Soporte Para 12 Vinos Bodega Vinoteca","» MEDIDAS 56,5 cm. de alto 22,5 cm. de ancho 29,5 cm. de profundidad","in stock","new","45000 ARS","https://latarimadecoracion.github.io/?s=27","https://latarimadecoracion.github.io/img/vinotecas-bodegas/Soporte Para 12 Vinos Bodega Vinoteca/1786828216763-imagen.webp","La Tarima","Furniture"
"B4","Juego de Mesa y Sillas Infantiles","Juego de Mesa y Sillas Infantiles  Fabricado íntegramente en madera maciza de pino con acabado natural.  Construido a mano mediante el sistema tradicional de caja y espiga, la técnica de ensamble utilizada en la carpintería clásica para garantizar una estructura sólida, estable y de máxima durabilidad.  Material: Madera maciza de pino  Construcción: Encajonado tradicional con uniones en caja y espiga  Trabajo: 100% artesanal","in stock","new","60000 ARS","https://latarimadecoracion.github.io/?s=B4","https://latarimadecoracion.github.io/img/juguetes/Juego de Mesa y Sillas Infantiles/1786838792263-imagen.webp","La Tarima","Furniture"
"B5","Juego de Mesa y Sillas Infantiles (Redondos)","Juego de Mesa y Sillas Infantiles  Fabricado íntegramente en madera maciza de pino con acabado natural.  Material: Madera maciza de pino  Trabajo: 100% artesanal","in stock","new","60000 ARS","https://latarimadecoracion.github.io/?s=B5","https://latarimadecoracion.github.io/img/juguetes/Juego de Mesa y Sillas redondos/1786838965424-imagen.webp","La Tarima","Furniture"
"B6","Juego de Mesa y Sillas Infantiles (Colonial)","Juego de Mesa y Sillas Infantiles  Fabricado íntegramente en madera maciza de pino con acabado natural.  Material: Madera maciza de pino  Trabajo: 100% artesanal","in stock","new","60000 ARS","https://latarimadecoracion.github.io/?s=B6","https://latarimadecoracion.github.io/img/juguetes/Juego de Mesa y Sillas colonial/1786839007827-imagen.webp","La Tarima","Furniture"
"32","Perchero De Pie Torneado Reforzado 8 Ganchos (2)","Funcionalidad y elegancia para organizar tu entrada.","in stock","new","39000 ARS","https://latarimadecoracion.github.io/?s=32","https://latarimadecoracion.github.io/img/percheros/perchero-1-2/1786839959391-imagen.webp","La Tarima","Furniture"
"4H","Repisa Biblioteca Estantes Montessori","Repisa Flotante Multifunción Tipo Montessori  Un diseño versátil, práctico y cálido, hecho a mano en nuestro taller LA TARIMA DECORACION. Cada pieza se trabaja de forma artesanal, cuidando cada detalle de terminación para ofrecerte un producto duradero, funcional y con la calidez única de la madera de taller.  Características principales:  Diseño reversible 2 en 1: Podés instalarla en ambos sentidos. Con los estantes hacia arriba para organizar objetos, o invertida para aprovechar el barral inferior como perchero (ideal para colgar toallas, tazas o ropa).  Autonomía para los más chicos: Pensada bajo el concepto Montessori, colocada a su altura fomenta la independencia de los niños, permitiéndoles alcanzar sus libros o juguetes favoritos de forma segura y ordenada.  Uso sin límites: Si bien es ideal como librero infantil, su estética limpia se adapta perfecto a talleres, cocinas o escritorios para organizar frascos, pinturas, lápices y herramientas de trabajo.  Instalación flexible: Apta para apoyar sobre un mueble o amurar directo a la pared.  Medidas:  Largo: 60 cm Alto: 75 cm Profundidad: 15 cm","in stock","new","37000 ARS","https://latarimadecoracion.github.io/?s=4H","https://latarimadecoracion.github.io/img/organizadores/Repisa Biblioteca Estantes Montessori/1787709158727-imagen.webp","La Tarima","Furniture"
"67","Estantes - Cortes","Organización creativa y estilo para tus paredes.","in stock","new","5800 ARS","https://latarimadecoracion.github.io/?s=67","https://latarimadecoracion.github.io/img/estantes/estantes/estantes.webp","La Tarima","Furniture"
"A1","Steps / Cajones / Profesionales","Escalón de madera multiusos para ejercicios y más","in stock","new","35000 ARS","https://latarimadecoracion.github.io/?s=A1","https://latarimadecoracion.github.io/img/steps-cajones/cajones-profesional/1780590450688-imagen.webp","La Tarima","Furniture"
"65","Cuadrados","Organización creativa y estilo para tus paredes.","in stock","new","","https://latarimadecoracion.github.io/?s=65","https://latarimadecoracion.github.io/img/estantes/cuadrados/cuadrados.webp","La Tarima","Furniture"
"7C","Repisa-estante de pared con toallero","Nuevo Repisa-estante De Pared Con Toallero Madera De Pino Agregar a favoritos $ 25.000 6 cuotas de  $ 5.624 , 58  con tarjetas de crédito  Precio sin impuestos nacionales:  $ 20.661  Créditos de Mercado Pago Activá la Línea de Crédito  Disponible para pagar en hasta 12 cuotas   Activar Ver los medios de pago Acabado y Color:Natural  Natural Lo que tenés que saber de este producto Material: Madera de pino Espesor: 1.7 cm Profundidad: 12 cm Altura: 50 cm Largo: 40 cm Hecho en madera de pino.","in stock","new","20000 ARS","https://latarimadecoracion.github.io/?s=7C","https://latarimadecoracion.github.io/img/estantes/repisa-estante-de-pared-con-toallero/1788916001180-imagen.webp","La Tarima","Furniture"
"G8","Palo De Amasar De Madera Mango Fijo 40 Cm","Lo que tenés que saber de este producto Largo del mango: 7 cm Largo total: 40 cm Diámetro: 4.5 cm Fabricado en madera. Es apto para lavavajillas.","in stock","new","10000 ARS","https://latarimadecoracion.github.io/?s=G8","https://latarimadecoracion.github.io/img/hogar/palo-de-amasar-de-madera-mango-fijo-40-cm/1788916679797-imagen.webp","La Tarima","Furniture"
"G9","Tabla Para Picada Mapa Argentina + Regalos","Lo que tenés que saber de este producto Espesor: 1.5 mm Ancho: 14 cm Largo: 40 cm Unidades por pack: 1 Forma: MAPA ARGENTINA","in stock","new","12000 ARS","https://latarimadecoracion.github.io/?s=G9","https://latarimadecoracion.github.io/img/hogar/tabla-para-picada-mapa-argentina-regalos/1788917343556-imagen.webp","La Tarima","Furniture"
"4I","Perchero De Pie Torneado 8 Ganchos Niños","Lo que tenés que saber de este producto Fabricado en madera. Dimensiones: 27 cm de ancho, 110 cm de alto y 13 cm de profundidad.","in stock","new","30000 ARS","https://latarimadecoracion.github.io/?s=4I","https://latarimadecoracion.github.io/img/percheros/perchero-de-pie-torneado-8-ganchos-ninos/1788918810907-imagen.webp","La Tarima","Furniture"
"7D","Estante Repisa Casita X 3 Unidades","Lo que tenés que saber de este producto Cantidad de estantes: 3 Material: Madera Profundidad: 10 cm Altura: 33.5 cm Largo: 40 cm Hecho en madera.","in stock","new","20000 ARS","https://latarimadecoracion.github.io/?s=7D","https://latarimadecoracion.github.io/img/estantes/estante-repisa-casita-x-3-unidades/1789446426275-edit_1789446400027webp.webp","La Tarima","Furniture"
"64","Triangulos","Organización creativa y estilo para tus paredes.","in stock","new","20000 ARS","https://latarimadecoracion.github.io/?s=64","https://latarimadecoracion.github.io/img/estantes/triangulos/1789446728633-edit_1789446674661webp.webp","La Tarima","Furniture"
"61","Estantes Montessori","Organización creativa y estilo para tus paredes.","in stock","new","13000 ARS","https://latarimadecoracion.github.io/?s=61","https://latarimadecoracion.github.io/img/organizadores/estantes-montessori/1.webp","La Tarima","Furniture"
"63","Librero","Organización creativa y estilo para tus paredes.","in stock","new","","https://latarimadecoracion.github.io/?s=63","https://latarimadecoracion.github.io/img/estantes/librero/librero.webp","La Tarima","Furniture"
"66","Ménsulas para estantes","Organización creativa y estilo para tus paredes.","in stock","new","4500 ARS","https://latarimadecoracion.github.io/?s=66","https://latarimadecoracion.github.io/img/organizadores/mensulas/mensulas.webp","La Tarima","Furniture"
"68","Especiero","Fanales, bandejas y complementos artesanales únicos.  Medidas (Alto x Largo x Profundidad)  Calculamos el alto para cada frasco:  30 cm = Frascos de 8 cm de alto 34 cm = Frascos de 11 cm de alto","in stock","new","11000 ARS","https://latarimadecoracion.github.io/?s=68","https://latarimadecoracion.github.io/img/organizadores/especiero/1782487819564-imagen.webp","La Tarima","Furniture"
"6A","Ménsulas para escritorios","Ménsulas para escritorios Ideal para aquellos que buscan un estilo simple y minimalista","in stock","new","9000 ARS","https://latarimadecoracion.github.io/?s=6A","https://latarimadecoracion.github.io/img/organizadores/mensulas/mensulas.webp","La Tarima","Furniture"
"6B","Repisa Biblioteca Estantes Montessori","Repisa Flotante Multifunción Tipo Montessori  Un diseño versátil, práctico y cálido, hecho a mano en nuestro taller LA TARIMA DECORACION. Cada pieza se trabaja de forma artesanal, cuidando cada detalle de terminación para ofrecerte un producto duradero, funcional y con la calidez única de la madera de taller.  Características principales:  Diseño reversible 2 en 1: Podés instalarla en ambos sentidos. Con los estantes hacia arriba para organizar objetos, o invertida para aprovechar el barral inferior como perchero (ideal para colgar toallas, tazas o ropa).  Autonomía para los más chicos: Pensada bajo el concepto Montessori, colocada a su altura fomenta la independencia de los niños, permitiéndoles alcanzar sus libros o juguetes favoritos de forma segura y ordenada.  Uso sin límites: Si bien es ideal como librero infantil, su estética limpia se adapta perfecto a talleres, cocinas o escritorios para organizar frascos, pinturas, lápices y herramientas de trabajo.  Instalación flexible: Apta para apoyar sobre un mueble o amurar directo a la pared.  Medidas:  Largo: 60 cm Alto: 75 cm Profundidad: 15 cm","in stock","new","37000 ARS","https://latarimadecoracion.github.io/?s=6B","https://latarimadecoracion.github.io/img/organizadores/Repisa Biblioteca Estantes Montessori/1787709158727-imagen.webp","La Tarima","Furniture"
"82","Pie de cama romano","Pie de cama romano","in stock","new","60000 ARS","https://latarimadecoracion.github.io/?s=82","https://latarimadecoracion.github.io/img/cunas/pie-cama-romano/1786839481815-imagen.webp","La Tarima","Furniture"
"92","Escaleras para altillos","Escaleras para altillos","in stock","new","","https://latarimadecoracion.github.io/?s=92","https://latarimadecoracion.github.io/img/escaleras/escalera-altillo/1780287625467-imagen.webp","La Tarima","Furniture"
"93","Banco Escalera De Pino 3 Escalones","Banco Escalera De Pino 3 Escalones  Altura Máxima: 60 cm Profundidad: 40 cm Ancho: 35 cm","in stock","new","33000 ARS","https://latarimadecoracion.github.io/?s=93","https://latarimadecoracion.github.io/img/organizadores/Banco Escalera De Pino 3 Escalones/1786226275337-imagen.webp","La Tarima","Furniture"
"94","Banco Banquito Escalera Niños Infantil","Altura máxima: 20 cm Profundidad: 30 cm Diámetro: 24 cm Ancho: 23 cm","in stock","new","18000 ARS","https://latarimadecoracion.github.io/?s=94","https://latarimadecoracion.github.io/img/organizadores/Banco Banquito Escalera Niños Infantil/1786333408729-imagen.webp","La Tarima","Furniture"
"B2","Baúl de madera de pino","Baúl de madera de pino","in stock","new","68000 ARS","https://latarimadecoracion.github.io/?s=B2","https://latarimadecoracion.github.io/img/organizadores/baul-madera-mediano/1782607702562-imagen.webp","La Tarima","Furniture"
"B3","Banco Banquito Escalera Niños Infantil","Altura máxima: 20 cm Profundidad: 30 cm Diámetro: 24 cm Ancho: 23 cm","in stock","new","18000 ARS","https://latarimadecoracion.github.io/?s=B3","https://latarimadecoracion.github.io/img/organizadores/Banco Banquito Escalera Niños Infantil/1786333408729-imagen.webp","La Tarima","Furniture"
"C4","Juego de Mesa y Sillas Infantiles (Colonial)","Juego de Mesa y Sillas Infantiles  Fabricado íntegramente en madera maciza de pino con acabado natural.  Material: Madera maciza de pino  Trabajo: 100% artesanal","in stock","new","60000 ARS","https://latarimadecoracion.github.io/?s=C4","https://latarimadecoracion.github.io/img/juguetes/Juego de Mesa y Sillas colonial/1786839007827-imagen.webp","La Tarima","Furniture"
"C5","Juego de Mesa y Sillas Infantiles (Redondos)","Juego de Mesa y Sillas Infantiles  Fabricado íntegramente en madera maciza de pino con acabado natural.  Material: Madera maciza de pino  Trabajo: 100% artesanal","in stock","new","60000 ARS","https://latarimadecoracion.github.io/?s=C5","https://latarimadecoracion.github.io/img/juguetes/Juego de Mesa y Sillas redondos/1786838965424-imagen.webp","La Tarima","Furniture"
"C6","Juego de Mesa y Sillas Infantiles","Juego de Mesa y Sillas Infantiles  Fabricado íntegramente en madera maciza de pino con acabado natural.  Construido a mano mediante el sistema tradicional de caja y espiga, la técnica de ensamble utilizada en la carpintería clásica para garantizar una estructura sólida, estable y de máxima durabilidad.  Material: Madera maciza de pino  Construcción: Encajonado tradicional con uniones en caja y espiga  Trabajo: 100% artesanal","in stock","new","60000 ARS","https://latarimadecoracion.github.io/?s=C6","https://latarimadecoracion.github.io/img/juguetes/Juego de Mesa y Sillas Infantiles/1786838792263-imagen.webp","La Tarima","Furniture"
"D1","Mueble Multifunción - Estilo Nórdico","¡Un solo mueble, infinitas posibilidades!  Diseñado bajo un concepto minimalista y funcional, este mueble de pino macizo es ideal para optimizar cualquier rincón de tu hogar. Su estructura robusta y terminación impecable lo convierten en la pieza comodín que te faltaba.  ¿Cómo podés usarlo?  En la entrada: Como banco recibidor para sentarte cómodamente y organizar tus calzados abajo.  En el living: Como mesa ratona o de centro compacta, perfecta para departamentos.  En tu espacio de trabajo: Como mini escritorio bajo o elevador robusto para tu configuración de Home Office.  Como soporte: Ideal para lucir tus plantas, audio o decoración de forma ordenada.  Medidas: 60 cm (Ancho) x 30 cm (Alto) x 45 cm (Profundidad). Hacemos envíos a todo el país. ¡Sumá diseño y practicidad a tu casa!","in stock","new","26000 ARS","https://latarimadecoracion.github.io/?s=D1","https://latarimadecoracion.github.io/img/organizadores/Mueble-Multifunción/1780707094761-imagen.webp","La Tarima","Furniture"
"D5","Ménsulas para escritorios","Ménsulas para escritorios Ideal para aquellos que buscan un estilo simple y minimalista","in stock","new","9000 ARS","https://latarimadecoracion.github.io/?s=D5","https://latarimadecoracion.github.io/img/organizadores/mensulas/mensulas.webp","La Tarima","Furniture"
"E6","Caballetes de madera","Caballetes de madera","in stock","new","","https://latarimadecoracion.github.io/?s=E6","https://latarimadecoracion.github.io/img/organizadores/caballetes-madera-pino/1786332672126-imagen.webp","La Tarima","Furniture"
"F1","Escritorio para PC - Soporte Gabinete","Escritorio para PC - Soporte Gabinete","in stock","new","","https://latarimadecoracion.github.io/?s=F1","https://latarimadecoracion.github.io/img/mesas-de-madera/Escritorio-PC-PRO/1786334303185-imagen.webp","La Tarima","Furniture"
"F5","Pie de cama romano","Pie de cama romano","in stock","new","60000 ARS","https://latarimadecoracion.github.io/?s=F5","https://latarimadecoracion.github.io/img/cunas/pie-cama-romano/1786839481815-imagen.webp","La Tarima","Furniture"
"F6","Repisa Biblioteca Estantes Montessori","Repisa Flotante Multifunción Tipo Montessori  Un diseño versátil, práctico y cálido, hecho a mano en nuestro taller LA TARIMA DECORACION. Cada pieza se trabaja de forma artesanal, cuidando cada detalle de terminación para ofrecerte un producto duradero, funcional y con la calidez única de la madera de taller.  Características principales:  Diseño reversible 2 en 1: Podés instalarla en ambos sentidos. Con los estantes hacia arriba para organizar objetos, o invertida para aprovechar el barral inferior como perchero (ideal para colgar toallas, tazas o ropa).  Autonomía para los más chicos: Pensada bajo el concepto Montessori, colocada a su altura fomenta la independencia de los niños, permitiéndoles alcanzar sus libros o juguetes favoritos de forma segura y ordenada.  Uso sin límites: Si bien es ideal como librero infantil, su estética limpia se adapta perfecto a talleres, cocinas o escritorios para organizar frascos, pinturas, lápices y herramientas de trabajo.  Instalación flexible: Apta para apoyar sobre un mueble o amurar directo a la pared.  Medidas:  Largo: 60 cm Alto: 75 cm Profundidad: 15 cm","in stock","new","37000 ARS","https://latarimadecoracion.github.io/?s=F6","https://latarimadecoracion.github.io/img/organizadores/Repisa Biblioteca Estantes Montessori/1787709158727-imagen.webp","La Tarima","Furniture"
"H1","Podio profesional | Grande","Podio profesional | Grande","in stock","new","350000 ARS","https://latarimadecoracion.github.io/?s=H1","https://latarimadecoracion.github.io/img/podios-de-premiacion/podio-profesional/1780774147587-imagen.webp","La Tarima","Furniture"
"H3","Podios individuales","Podios modulares resistentes para eventos y premiaciones.","in stock","new","120000 ARS","https://latarimadecoracion.github.io/?s=H3","https://latarimadecoracion.github.io/img/podios-de-premiacion/podios-individuales/Podio premiacion (3 modulos).webp","La Tarima","Furniture"